"","genes_core"
"1","aaeA"
"2","abh_1"
"3","abh_2"
"4","abrB"
"5","accA_2"
"6","accB"
"7","accC_1"
"8","accC_2"
"9","accD5"
"10","acdA"
"11","acoA_1"
"12","acoA_2"
"13","acpA"
"14","acpS"
"15","acuA"
"16","acyP"
"17","addA"
"18","adeC"
"19","adh2_1"
"20","adhA"
"21","adhR"
"22","aes"
"23","ahpC"
"24","ald"
"25","alkA"
"26","alr"
"27","alsD"
"28","alsT_2"
"29","amaA"
"30","amiE"
"31","amiF"
"32","ansA"
"33","ansZ"
"34","apc3"
"35","appA"
"36","aprX"
"37","apt"
"38","araD"
"39","araQ_1"
"40","araQ_2"
"41","araR"
"42","arcD"
"43","argD"
"44","argF"
"45","argH"
"46","argO"
"47","argP"
"48","argR"
"49","argS"
"50","arnB"
"51","aroA"
"52","aroA1"
"53","aroB"
"54","aroC"
"55","aroD"
"56","aroE_2"
"57","aroH"
"58","arsB"
"59","artM"
"60","artP"
"61","artQ_1"
"62","ask"
"63","asnB"
"64","asnC"
"65","asnS"
"66","aspS"
"67","atoD"
"68","atpA"
"69","atpB"
"70","atpC"
"71","atpD"
"72","atpF"
"73","atpG"
"74","atpH_1"
"75","atpH_2"
"76","azoR2"
"77","bacF_1"
"78","bcd"
"79","bcp_2"
"80","bcrA"
"81","bcrC_2"
"82","bepA"
"83","betI"
"84","bfmBAA"
"85","bfmBAB_1"
"86","bfmBAB_2"
"87","bg1"
"88","bglC"
"89","bglK"
"90","bioY_2"
"91","birA_1"
"92","birA_2"
"93","bm3R1"
"94","bmrU"
"95","bofA"
"96","bofC"
"97","brnQ_2"
"98","bshB1"
"99","bshB2"
"100","bshC"
"101","bslA"
"102","bsn"
"103","btuD_1"
"104","btuF"
"105","buk2"
"106","caaD"
"107","capA"
"108","capB"
"109","capC"
"110","carA_1"
"111","carA_2"
"112","carD"
"113","cca"
"114","cccA"
"115","cccB"
"116","ccpA_3"
"117","ccpB"
"118","ccpN"
"119","ccs1"
"120","ccsA_2"
"121","cdaR_1"
"122","cdaS"
"123","cdd"
"124","cheB_1"
"125","cheB_3"
"126","cheC"
"127","cheD"
"128","cheR"
"129","cheW_1"
"130","cheW_2"
"131","cheY"
"132","chrA1"
"133","cidA"
"134","cidB"
"135","cimH"
"136","citN_1"
"137","citT"
"138","clpE"
"139","clpQ"
"140","clpY"
"141","clsB"
"142","cmk"
"143","cmoM"
"144","cmpC"
"145","cmpR"
"146","coaD"
"147","coaE"
"148","coaX"
"149","cobB"
"150","codY"
"151","comA"
"152","comEA"
"153","comEC"
"154","comFB"
"155","comN"
"156","copA"
"157","copZ"
"158","COQ3_2"
"159","COQ5_1"
"160","cotA"
"161","cotE"
"162","cotM"
"163","cotW"
"164","cotX"
"165","cotY"
"166","cotZ"
"167","coxA"
"168","cpdA"
"169","crcB_1"
"170","crcB_2"
"171","crh"
"172","crr"
"173","crt"
"174","crtNb"
"175","crtNc"
"176","crtQ"
"177","csaA"
"178","csbA"
"179","csfB"
"180","csh"
"181","cshB"
"182","csoR"
"183","cspB"
"184","cspC"
"185","cspD"
"186","csrA"
"187","cssR"
"188","cssS"
"189","cstA"
"190","ctaA"
"191","ctaB2"
"192","ctaC"
"193","ctaD"
"194","ctc"
"195","ctpB"
"196","cvfB"
"197","cwlJ"
"198","cycA"
"199","cycB"
"200","cymR"
"201","cynR_2"
"202","cysA"
"203","cysC"
"204","cysK_1"
"205","cysK_2"
"206","cysP"
"207","cysT"
"208","czrA"
"209","dagK"
"210","dapA_1"
"211","dapB"
"212","dapH_1"
"213","dapH_2"
"214","dapX_1"
"215","dapX_2"
"216","darA"
"217","dat_1"
"218","dat_2"
"219","dauR"
"220","dbpA_1"
"221","dbpA_3"
"222","dck"
"223","dcuR_1"
"224","dcuR_2"
"225","dcuS_2"
"226","ddc"
"227","ddl"
"228","def1"
"229","defB"
"230","degA"
"231","degQ"
"232","degR"
"233","degS"
"234","degS_1"
"235","degV"
"236","deoC"
"237","deoD"
"238","der_1"
"239","des"
"240","desR"
"241","dfrA"
"242","dgk"
"243","dgkA"
"244","dgoT"
"245","dhaA"
"246","dinB_1"
"247","dinF"
"248","dinG_1"
"249","dinG_2"
"250","divIB"
"251","divIC"
"252","divIVA"
"253","dksA"
"254","dltC"
"255","dnaA"
"256","dnaB"
"257","dnaC"
"258","dnaD"
"259","dnaI"
"260","dnaK"
"261","dnaN"
"262","dpaA"
"263","dpaB"
"264","dpp5_2"
"265","dppA_1"
"266","dppB_1"
"267","dppB_2"
"268","dppC_1"
"269","dppE"
"270","dprA"
"271","dps"
"272","dsrE2"
"273","dtd"
"274","dusB"
"275","dxr"
"276","dxs"
"277","ebrA"
"278","ebrB"
"279","ecsA_2"
"280","efp"
"281","emrB_1"
"282","emrY"
"283","engB"
"284","eno"
"285","entB"
"286","ephA"
"287","epi"
"288","epsD"
"289","epsE"
"290","epsF"
"291","epsG"
"292","epsH"
"293","epsI"
"294","epsK"
"295","epsL"
"296","epsM"
"297","epsN"
"298","era"
"299","erpA"
"300","essB"
"301","etfA"
"302","exuR"
"303","fabD"
"304","fabG_1"
"305","fabG_2"
"306","fabG_4"
"307","fabL"
"308","fabM"
"309","fabZ"
"310","fadA"
"311","fadB"
"312","fadD3"
"313","fadH_1"
"314","fadH_2"
"315","fadR"
"316","fapR"
"317","fdhA_1"
"318","feuB_1"
"319","feuB_2"
"320","feuC_1"
"321","feuC_2"
"322","ffh"
"323","fhuD"
"324","fieF"
"325","fin"
"326","fixA"
"327","flgB"
"328","flgC"
"329","flhA"
"330","flhB_1"
"331","fliE"
"332","fliF"
"333","fliM"
"334","fliP"
"335","fliQ"
"336","fliR"
"337","fliS"
"338","fliT"
"339","fliW"
"340","fliY"
"341","fmt"
"342","fni"
"343","folB"
"344","folD"
"345","folE"
"346","folP"
"347","fosB"
"348","fra"
"349","frdB"
"350","frr"
"351","fruA_3"
"352","fsr"
"353","ftsA"
"354","ftsE"
"355","ftsL"
"356","ftsW_1"
"357","ftsW_2"
"358","ftsX"
"359","ftsY"
"360","ftsZ"
"361","fumC"
"362","fur"
"363","gabD"
"364","gabP_2"
"365","galK"
"366","galT"
"367","ganA"
"368","ganB"
"369","gapA"
"370","garR_1"
"371","gatB_1"
"372","gatB_2"
"373","gatC_2"
"374","gatY"
"375","gbsA"
"376","gbsB"
"377","gcvH"
"378","gcvPA"
"379","gdh_1"
"380","gdh_2"
"381","gdnC_1"
"382","gdnC_2"
"383","gdnD_1"
"384","gerAA_1"
"385","gerAA_2"
"386","gerAB"
"387","gerAC"
"388","gerBA_2"
"389","gerBB"
"390","gerPA_1"
"391","gerPB"
"392","gerPC"
"393","gerPD"
"394","gerPE"
"395","gerPF_1"
"396","gerPF_2"
"397","gerQ"
"398","gerT"
"399","ggt"
"400","ghrB_1"
"401","ghrB_2"
"402","glcK"
"403","glcP"
"404","glcT"
"405","glcU"
"406","glmM"
"407","glmS"
"408","glnA"
"409","glnH_1"
"410","glnH_2"
"411","glnK_1"
"412","glnM"
"413","glnP"
"414","glnQ_2"
"415","glnQ_3"
"416","glnR"
"417","gloA"
"418","gloC"
"419","glpD"
"420","glpE_1"
"421","glpE_2"
"422","glpF"
"423","glpG"
"424","glpK"
"425","glpP"
"426","glpQ_2"
"427","glpX"
"428","glsA1"
"429","glsA2"
"430","gltB"
"431","gltC_1"
"432","gltT_1"
"433","gltT_2"
"434","glvR_1"
"435","glvR_2"
"436","glyA"
"437","glyQ"
"438","glyS"
"439","gmk"
"440","gmuA_2"
"441","gmuB"
"442","gmuD_2"
"443","gmuE_1"
"444","gmuR"
"445","gpmA"
"446","gpmB"
"447","gpr"
"448","gpsA"
"449","gpsB"
"450","gpx1"
"451","graR"
"452","graS"
"453","greA"
"454","group_1040"
"455","group_1124"
"456","group_1147"
"457","group_1161"
"458","group_1168"
"459","group_1177"
"460","group_1191"
"461","group_1222"
"462","group_1226"
"463","group_1238"
"464","group_1264"
"465","group_1308"
"466","group_1371"
"467","group_1372"
"468","group_1375"
"469","group_1379"
"470","group_1407"
"471","group_14082"
"472","group_1420"
"473","group_1435"
"474","group_1456"
"475","group_1528"
"476","group_1539"
"477","group_1542"
"478","group_1567"
"479","group_1572"
"480","group_15796"
"481","group_15800"
"482","group_15801"
"483","group_15802"
"484","group_15803"
"485","group_15804"
"486","group_15809"
"487","group_15820"
"488","group_15823"
"489","group_15827"
"490","group_15830"
"491","group_1584"
"492","group_15840"
"493","group_15845"
"494","group_15848"
"495","group_15851"
"496","group_15855"
"497","group_15856"
"498","group_15863"
"499","group_15866"
"500","group_15878"
"501","group_15889"
"502","group_15894"
"503","group_15898"
"504","group_15906"
"505","group_15908"
"506","group_15915"
"507","group_15918"
"508","group_15920"
"509","group_15923"
"510","group_15925"
"511","group_15926"
"512","group_15928"
"513","group_15931"
"514","group_15932"
"515","group_15939"
"516","group_15942"
"517","group_15945"
"518","group_15946"
"519","group_15947"
"520","group_1600"
"521","group_1615"
"522","group_1620"
"523","group_1638"
"524","group_1705"
"525","group_1715"
"526","group_1729"
"527","group_1735"
"528","group_1765"
"529","group_1772"
"530","group_1782"
"531","group_1858"
"532","group_1913"
"533","group_1918"
"534","group_1975"
"535","group_1983"
"536","group_1985"
"537","group_1988"
"538","group_1989"
"539","group_2056"
"540","group_2060"
"541","group_2108"
"542","group_2109"
"543","group_2162"
"544","group_2188"
"545","group_219"
"546","group_2192"
"547","group_2201"
"548","group_2205"
"549","group_2206"
"550","group_2224"
"551","group_2229"
"552","group_2244"
"553","group_2246"
"554","group_2249"
"555","group_2260"
"556","group_2277"
"557","group_2278"
"558","group_2294"
"559","group_2320"
"560","group_233"
"561","group_2345"
"562","group_2347"
"563","group_2354"
"564","group_2368"
"565","group_2398"
"566","group_2430"
"567","group_2437"
"568","group_2457"
"569","group_2498"
"570","group_2511"
"571","group_2525"
"572","group_2532"
"573","group_2550"
"574","group_2572"
"575","group_2573"
"576","group_2599"
"577","group_2607"
"578","group_2620"
"579","group_2628"
"580","group_2642"
"581","group_2648"
"582","group_2673"
"583","group_2682"
"584","group_2688"
"585","group_2720"
"586","group_2746"
"587","group_2774"
"588","group_2789"
"589","group_2802"
"590","group_2813"
"591","group_2833"
"592","group_2851"
"593","group_2856"
"594","group_2861"
"595","group_2872"
"596","group_2877"
"597","group_2889"
"598","group_2900"
"599","group_2913"
"600","group_2915"
"601","group_2924"
"602","group_2926"
"603","group_2933"
"604","group_2934"
"605","group_2935"
"606","group_2941"
"607","group_2947"
"608","group_2962"
"609","group_2964"
"610","group_2970"
"611","group_2973"
"612","group_2975"
"613","group_2979"
"614","group_3058"
"615","group_3059"
"616","group_3070"
"617","group_3085"
"618","group_3091"
"619","group_3095"
"620","group_3102"
"621","group_3126"
"622","group_3128"
"623","group_3246"
"624","group_3287"
"625","group_3298"
"626","group_3301"
"627","group_332"
"628","group_3322"
"629","group_3335"
"630","group_3347"
"631","group_3353"
"632","group_3354"
"633","group_3396"
"634","group_3403"
"635","group_3409"
"636","group_3411"
"637","group_3413"
"638","group_3414"
"639","group_3419"
"640","group_3421"
"641","group_3433"
"642","group_3439"
"643","group_3490"
"644","group_3520"
"645","group_3543"
"646","group_3549"
"647","group_3559"
"648","group_3585"
"649","group_3597"
"650","group_3616"
"651","group_3632"
"652","group_3663"
"653","group_3833"
"654","group_3861"
"655","group_3867"
"656","group_3874"
"657","group_3884"
"658","group_3888"
"659","group_3914"
"660","group_3917"
"661","group_3925"
"662","group_3928"
"663","group_394"
"664","group_3941"
"665","group_3945"
"666","group_3948"
"667","group_3949"
"668","group_3950"
"669","group_3961"
"670","group_3962"
"671","group_3991"
"672","group_3993"
"673","group_3994"
"674","group_3997"
"675","group_4072"
"676","group_4078"
"677","group_4097"
"678","group_4135"
"679","group_4144"
"680","group_4156"
"681","group_4161"
"682","group_4202"
"683","group_4203"
"684","group_4225"
"685","group_4266"
"686","group_4267"
"687","group_4268"
"688","group_4294"
"689","group_4336"
"690","group_4341"
"691","group_4350"
"692","group_4388"
"693","group_4531"
"694","group_4534"
"695","group_4589"
"696","group_4590"
"697","group_4594"
"698","group_4642"
"699","group_4672"
"700","group_4679"
"701","group_4685"
"702","group_4693"
"703","group_4715"
"704","group_4739"
"705","group_4760"
"706","group_4771"
"707","group_4772"
"708","group_4781"
"709","group_4792"
"710","group_4834"
"711","group_484"
"712","group_4861"
"713","group_4895"
"714","group_4897"
"715","group_4901"
"716","group_4904"
"717","group_4907"
"718","group_4909"
"719","group_4938"
"720","group_4939"
"721","group_4948"
"722","group_4958"
"723","group_4960"
"724","group_4970"
"725","group_4979"
"726","group_5005"
"727","group_5009"
"728","group_5013"
"729","group_5038"
"730","group_5042"
"731","group_506"
"732","group_507"
"733","group_5097"
"734","group_5098"
"735","group_5104"
"736","group_5105"
"737","group_5145"
"738","group_5192"
"739","group_5219"
"740","group_5220"
"741","group_5248"
"742","group_5371"
"743","group_5373"
"744","group_5378"
"745","group_5381"
"746","group_5420"
"747","group_5461"
"748","group_5462"
"749","group_5480"
"750","group_5497"
"751","group_5526"
"752","group_5540"
"753","group_5541"
"754","group_5554"
"755","group_5573"
"756","group_5574"
"757","group_5577"
"758","group_5585"
"759","group_5592"
"760","group_5611"
"761","group_5619"
"762","group_5628"
"763","group_5645"
"764","group_5653"
"765","group_5657"
"766","group_5658"
"767","group_5659"
"768","group_5664"
"769","group_5690"
"770","group_5709"
"771","group_5710"
"772","group_5720"
"773","group_5729"
"774","group_573"
"775","group_5742"
"776","group_5755"
"777","group_5761"
"778","group_5795"
"779","group_5799"
"780","group_5823"
"781","group_5828"
"782","group_5833"
"783","group_5867"
"784","group_5875"
"785","group_5896"
"786","group_5900"
"787","group_5902"
"788","group_5911"
"789","group_5912"
"790","group_5913"
"791","group_5924"
"792","group_5927"
"793","group_5929"
"794","group_5934"
"795","group_5943"
"796","group_5951"
"797","group_5973"
"798","group_5976"
"799","group_6013"
"800","group_6026"
"801","group_6034"
"802","group_6046"
"803","group_6058"
"804","group_6059"
"805","group_6077"
"806","group_6079"
"807","group_6080"
"808","group_6081"
"809","group_6082"
"810","group_6099"
"811","group_6101"
"812","group_6114"
"813","group_6128"
"814","group_6180"
"815","group_6204"
"816","group_6213"
"817","group_6214"
"818","group_6295"
"819","group_6424"
"820","group_6425"
"821","group_6429"
"822","group_6437"
"823","group_6439"
"824","group_6446"
"825","group_6454"
"826","group_6457"
"827","group_6459"
"828","group_6460"
"829","group_6469"
"830","group_6472"
"831","group_6473"
"832","group_6512"
"833","group_6513"
"834","group_6537"
"835","group_6540"
"836","group_6544"
"837","group_6553"
"838","group_6555"
"839","group_6563"
"840","group_657"
"841","group_6598"
"842","group_6617"
"843","group_6622"
"844","group_6636"
"845","group_6637"
"846","group_664"
"847","group_6646"
"848","group_6651"
"849","group_6670"
"850","group_6671"
"851","group_6684"
"852","group_6697"
"853","group_6700"
"854","group_6704"
"855","group_6711"
"856","group_6716"
"857","group_6721"
"858","group_6736"
"859","group_6740"
"860","group_6749"
"861","group_6763"
"862","group_6803"
"863","group_6820"
"864","group_6825"
"865","group_6826"
"866","group_6828"
"867","group_6850"
"868","group_6864"
"869","group_6869"
"870","group_6873"
"871","group_6887"
"872","group_6897"
"873","group_6898"
"874","group_6899"
"875","group_6907"
"876","group_6909"
"877","group_6911"
"878","group_6914"
"879","group_6917"
"880","group_6919"
"881","group_6950"
"882","group_6956"
"883","group_6963"
"884","group_6986"
"885","group_7005"
"886","group_7006"
"887","group_7011"
"888","group_7018"
"889","group_7028"
"890","group_7030"
"891","group_7046"
"892","group_7059"
"893","group_7071"
"894","group_7072"
"895","group_7096"
"896","group_7105"
"897","group_712"
"898","group_7132"
"899","group_7156"
"900","group_7170"
"901","group_7174"
"902","group_7186"
"903","group_7196"
"904","group_7210"
"905","group_7233"
"906","group_725"
"907","group_7265"
"908","group_7276"
"909","group_732"
"910","group_7405"
"911","group_7410"
"912","group_7414"
"913","group_7445"
"914","group_7479"
"915","group_7581"
"916","group_7582"
"917","group_7584"
"918","group_7596"
"919","group_7602"
"920","group_7604"
"921","group_7607"
"922","group_7627"
"923","group_7705"
"924","group_7726"
"925","group_7735"
"926","group_7752"
"927","group_7755"
"928","group_7756"
"929","group_7769"
"930","group_7785"
"931","group_7791"
"932","group_7799"
"933","group_7806"
"934","group_7810"
"935","group_7857"
"936","group_7875"
"937","group_7877"
"938","group_7878"
"939","group_7880"
"940","group_7889"
"941","group_7912"
"942","group_7913"
"943","group_792"
"944","group_7932"
"945","group_7934"
"946","group_7936"
"947","group_7938"
"948","group_7948"
"949","group_795"
"950","group_7956"
"951","group_7965"
"952","group_7979"
"953","group_7981"
"954","group_7988"
"955","group_7989"
"956","group_7990"
"957","group_7991"
"958","group_7996"
"959","group_7999"
"960","group_8007"
"961","group_8026"
"962","group_8029"
"963","group_8053"
"964","group_8086"
"965","group_8096"
"966","group_8107"
"967","group_8108"
"968","group_8110"
"969","group_8114"
"970","group_8124"
"971","group_8134"
"972","group_8143"
"973","group_8144"
"974","group_8154"
"975","group_8160"
"976","group_8161"
"977","group_8162"
"978","group_8169"
"979","group_8170"
"980","group_8173"
"981","group_8174"
"982","group_8189"
"983","group_8192"
"984","group_8202"
"985","group_8203"
"986","group_8208"
"987","group_8225"
"988","group_8268"
"989","group_8273"
"990","group_8388"
"991","group_8477"
"992","group_8487"
"993","group_8600"
"994","group_8603"
"995","group_8605"
"996","group_8606"
"997","group_8616"
"998","group_8625"
"999","group_8654"
"1000","group_866"
"1001","group_8664"
"1002","group_8666"
"1003","group_8679"
"1004","group_8690"
"1005","group_8693"
"1006","group_8694"
"1007","group_8698"
"1008","group_8699"
"1009","group_8701"
"1010","group_8702"
"1011","group_8704"
"1012","group_8708"
"1013","group_8709"
"1014","group_8711"
"1015","group_8712"
"1016","group_8713"
"1017","group_8714"
"1018","group_8716"
"1019","group_8717"
"1020","group_8719"
"1021","group_872"
"1022","group_8729"
"1023","group_8730"
"1024","group_8734"
"1025","group_8737"
"1026","group_8746"
"1027","group_8748"
"1028","group_8751"
"1029","group_8759"
"1030","group_8763"
"1031","group_8770"
"1032","group_8772"
"1033","group_8774"
"1034","group_8781"
"1035","group_8785"
"1036","group_8786"
"1037","group_8793"
"1038","group_8797"
"1039","group_8799"
"1040","group_8803"
"1041","group_8804"
"1042","group_8806"
"1043","group_881"
"1044","group_8813"
"1045","group_8819"
"1046","group_8822"
"1047","group_8825"
"1048","group_8831"
"1049","group_8834"
"1050","group_8835"
"1051","group_8842"
"1052","group_8844"
"1053","group_8849"
"1054","group_8850"
"1055","group_8851"
"1056","group_8862"
"1057","group_8863"
"1058","group_8864"
"1059","group_8870"
"1060","group_8878"
"1061","group_8879"
"1062","group_8883"
"1063","group_8885"
"1064","group_8888"
"1065","group_8897"
"1066","group_8899"
"1067","group_8900"
"1068","group_8903"
"1069","group_8910"
"1070","group_8911"
"1071","group_8912"
"1072","group_8913"
"1073","group_8915"
"1074","group_8917"
"1075","group_8921"
"1076","group_8924"
"1077","group_8931"
"1078","group_8933"
"1079","group_8946"
"1080","group_8948"
"1081","group_8950"
"1082","group_8957"
"1083","group_8963"
"1084","group_8970"
"1085","group_8978"
"1086","group_8980"
"1087","group_9057"
"1088","group_9556"
"1089","group_960"
"1090","group_9643"
"1091","group_9644"
"1092","group_9673"
"1093","group_9677"
"1094","group_9682"
"1095","group_9688"
"1096","group_9696"
"1097","group_9698"
"1098","group_9701"
"1099","group_9707"
"1100","group_9708"
"1101","group_9723"
"1102","group_9725"
"1103","group_9730"
"1104","group_9736"
"1105","group_9738"
"1106","group_9744"
"1107","group_9748"
"1108","group_9749"
"1109","group_9755"
"1110","group_9758"
"1111","group_9759"
"1112","group_9766"
"1113","group_9774"
"1114","group_998"
"1115","grpE"
"1116","gsiD_1"
"1117","gsiD_2"
"1118","gtaB"
"1119","guaA"
"1120","guaD"
"1121","gudB"
"1122","gutB_1"
"1123","gutB_2"
"1124","gyrB"
"1125","hemA"
"1126","hemAT"
"1127","hemB"
"1128","hemC"
"1129","hemC_1"
"1130","hemE"
"1131","hemH"
"1132","hemL"
"1133","hemZ"
"1134","hepS"
"1135","hepT"
"1136","hflX"
"1137","hfq"
"1138","hisB"
"1139","hisC_1"
"1140","hisC_2"
"1141","hisD"
"1142","hisF"
"1143","hisG"
"1144","hisK"
"1145","hisS"
"1146","hisZ"
"1147","hmoB"
"1148","hmuU"
"1149","hpr"
"1150","hprK"
"1151","hpt"
"1152","hrcA"
"1153","hsaD"
"1154","hslO"
"1155","htpX_3"
"1156","htrB"
"1157","hupA"
"1158","icd"
"1159","ileS"
"1160","ilvA"
"1161","ilvB_1"
"1162","ilvB_2"
"1163","ilvC"
"1164","ilvD"
"1165","ilvE"
"1166","ilvH"
"1167","ilvK"
"1168","IMPDH_1"
"1169","IMPDH_2"
"1170","iolS_1"
"1171","iolU_2"
"1172","iphP"
"1173","iscS_1"
"1174","iscS_2"
"1175","isp"
"1176","ispE"
"1177","ispH"
"1178","iucA"
"1179","iucB"
"1180","iucC"
"1181","iucD_1"
"1182","iucD_2"
"1183","kamA"
"1184","kapB"
"1185","kdgA"
"1186","kdgR"
"1187","kdsB"
"1188","kduI"
"1189","kefB"
"1190","kefG"
"1191","khtT_1"
"1192","khtT_2"
"1193","kimA"
"1194","kipR"
"1195","ktrA"
"1196","ktrB"
"1197","lacC_1"
"1198","lacC_2"
"1199","lacF"
"1200","lacR"
"1201","lacX"
"1202","lctP"
"1203","ldh_1"
"1204","lepA"
"1205","leuA_1"
"1206","leuB"
"1207","leuC"
"1208","leuD"
"1209","leuS"
"1210","lexA"
"1211","lgt"
"1212","liaG"
"1213","liaH"
"1214","liaI"
"1215","liaR_1"
"1216","liaR_2"
"1217","liaS"
"1218","licH_2"
"1219","licT_2"
"1220","licT_3"
"1221","ligA"
"1222","lipA"
"1223","lipC"
"1224","lipL"
"1225","lipM"
"1226","lipO"
"1227","lnrL_2"
"1228","lolD"
"1229","lon2"
"1230","lplJ"
"1231","lpxG"
"1232","lrpC_1"
"1233","lrpC_2"
"1234","lspA"
"1235","ltaS1_1"
"1236","ltaS1_2"
"1237","ltaS2_1"
"1238","lutA_2"
"1239","luxS"
"1240","lysC"
"1241","lysS"
"1242","lytC_1"
"1243","lytD"
"1244","lytE"
"1245","lytH"
"1246","maeA_1"
"1247","maf"
"1248","mbl"
"1249","mcpA_2"
"1250","mcpB_1"
"1251","mcpC"
"1252","mdh"
"1253","mecA"
"1254","melA"
"1255","menA"
"1256","menB"
"1257","menC"
"1258","menD"
"1259","menE"
"1260","menH_1"
"1261","menH_3"
"1262","menI"
"1263","merR1"
"1264","metC"
"1265","metK"
"1266","metN"
"1267","metP"
"1268","metY"
"1269","mfd"
"1270","mglA_1"
"1271","mglA_2"
"1272","mgsA"
"1273","mgsR_1"
"1274","mgsR_2"
"1275","mhqD"
"1276","mhqO"
"1277","mhqR_2"
"1278","miaB"
"1279","mifM"
"1280","minC"
"1281","minD"
"1282","misCA"
"1283","misCB"
"1284","mltF"
"1285","mltG_1"
"1286","mltG_2"
"1287","mmgD"
"1288","mmgE"
"1289","mmgF"
"1290","mneS"
"1291","mngA"
"1292","mnmE"
"1293","mnmG"
"1294","mntP"
"1295","mntR"
"1296","moaA"
"1297","moaC"
"1298","moaE"
"1299","mobA"
"1300","modA"
"1301","modB"
"1302","moeA"
"1303","moeB"
"1304","motB"
"1305","mprA"
"1306","mraZ"
"1307","mreB"
"1308","mreD"
"1309","MroQ"
"1310","mrpA"
"1311","mrpB"
"1312","mrpC"
"1313","mrpE"
"1314","mrpF"
"1315","mrpG"
"1316","mscL"
"1317","msmX"
"1318","msrB"
"1319","msrC"
"1320","mtaB"
"1321","mtlA"
"1322","mtlA_1"
"1323","mtlF"
"1324","mtlR"
"1325","mtnA"
"1326","mtnB"
"1327","mtnD"
"1328","mtnK"
"1329","mtnN"
"1330","mtnW"
"1331","mtnX"
"1332","mtrB"
"1333","murAB"
"1334","murB"
"1335","murC"
"1336","murD"
"1337","murE"
"1338","murG_1"
"1339","murJ_1"
"1340","murJ_2"
"1341","murQ"
"1342","mutM"
"1343","mutY"
"1344","nadB"
"1345","nadD"
"1346","nadE"
"1347","nadK1"
"1348","nadR"
"1349","nagB"
"1350","nagP"
"1351","nagR_1"
"1352","nagR_2"
"1353","namA"
"1354","ndh"
"1355","ndk"
"1356","ndoAI"
"1357","neuA"
"1358","nfrA1"
"1359","nfuA"
"1360","ngcG"
"1361","nhaX"
"1362","nhoA"
"1363","nifS"
"1364","nikA"
"1365","nikB_1"
"1366","nikE"
"1367","nin"
"1368","nlhH"
"1369","norG"
"1370","norR_2"
"1371","nprA"
"1372","nrdF"
"1373","nrdR"
"1374","nrgA"
"1375","nrnA"
"1376","ntaA"
"1377","ntdB"
"1378","nth"
"1379","nucB_1"
"1380","nucB_2"
"1381","nudF"
"1382","nudL"
"1383","nupC"
"1384","nusA"
"1385","nusB"
"1386","obg"
"1387","odhA"
"1388","odhB"
"1389","ohrA"
"1390","ohrB"
"1391","ohrR"
"1392","opcR_1"
"1393","opcR_2"
"1394","oppD_2"
"1395","oppD_3"
"1396","oppF_3"
"1397","opuAA"
"1398","opuAB"
"1399","opuAC"
"1400","opuD"
"1401","oxdC"
"1402","pabA"
"1403","pabB"
"1404","padC"
"1405","panB"
"1406","panD"
"1407","panS"
"1408","parE"
"1409","patB"
"1410","pbpF"
"1411","pbpG"
"1412","pbpH_1"
"1413","pbpH_2"
"1414","pbuE_1"
"1415","pbuE_4"
"1416","pbuG"
"1417","pccB"
"1418","pcrB"
"1419","pdaA"
"1420","pdhA"
"1421","pdhB"
"1422","pdhC_2"
"1423","pdhC_3"
"1424","pdhC_4"
"1425","pdhD_1"
"1426","pdhD_2"
"1427","pdp"
"1428","pdxK"
"1429","pepA"
"1430","pepT_1"
"1431","pepT_2"
"1432","perR"
"1433","petC_2"
"1434","petD"
"1435","pfkA"
"1436","pfyP_1"
"1437","pfyP_2"
"1438","pgk"
"1439","pglF"
"1440","pgpB"
"1441","pgpH"
"1442","pgsA"
"1443","pheA"
"1444","pheP"
"1445","pheS"
"1446","phoP_2"
"1447","phoR"
"1448","plsC"
"1449","plsX"
"1450","plsY"
"1451","pnp_1"
"1452","pnpB"
"1453","polX"
"1454","pomA"
"1455","potA"
"1456","potB"
"1457","ppaC"
"1458","ppaX_1"
"1459","ppaX_2"
"1460","ppiB"
"1461","ppnKA"
"1462","prfA"
"1463","prfB"
"1464","priA_1"
"1465","prkC"
"1466","prmA"
"1467","prmC"
"1468","proA_1"
"1469","proC_1"
"1470","proC_2"
"1471","proC_3"
"1472","proC_4"
"1473","proS_1"
"1474","prpC"
"1475","prpE"
"1476","prsA2"
"1477","prsW"
"1478","psiE"
"1479","pstA2"
"1480","pstB"
"1481","pstB3"
"1482","pstC"
"1483","pstS1"
"1484","pta_1"
"1485","pta_2"
"1486","pth"
"1487","ptsG"
"1488","ptsH"
"1489","ptsI"
"1490","ptsN"
"1491","pucR_1"
"1492","pucR_2"
"1493","punA"
"1494","purB"
"1495","purC"
"1496","purD"
"1497","purE"
"1498","purH"
"1499","purK"
"1500","purM"
"1501","purN"
"1502","purQ"
"1503","purR"
"1504","purS"
"1505","purU"
"1506","putB"
"1507","putC"
"1508","putR_1"
"1509","putR_2"
"1510","pxpA"
"1511","pxpB"
"1512","pyk"
"1513","pyrB"
"1514","pyrE"
"1515","pyrF"
"1516","pyrG"
"1517","pyrH"
"1518","pyrK"
"1519","pyrP"
"1520","qacR"
"1521","qcrB"
"1522","qorB"
"1523","qoxA"
"1524","qoxC"
"1525","qoxD"
"1526","queA"
"1527","queC"
"1528","queD"
"1529","queE_1"
"1530","queE_2"
"1531","queF"
"1532","racE"
"1533","rapA_1"
"1534","rapF_2"
"1535","rapG_1"
"1536","rarA"
"1537","rarD"
"1538","rasP"
"1539","rbfA"
"1540","rbgA"
"1541","rbsB"
"1542","rbsC_2"
"1543","rbsD"
"1544","rbsK"
"1545","recA"
"1546","recD2"
"1547","recF"
"1548","recG"
"1549","recN"
"1550","recO"
"1551","recR"
"1552","recU"
"1553","relA"
"1554","remA"
"1555","resA_1"
"1556","resA_2"
"1557","resE"
"1558","rex"
"1559","rfbB"
"1560","rfbC"
"1561","rfbF"
"1562","rfbG"
"1563","rghR_1"
"1564","rhaS_1"
"1565","rhlG"
"1566","rho"
"1567","ribA"
"1568","ribB"
"1569","ribD_2"
"1570","ribE"
"1571","ribF"
"1572","ribH"
"1573","ribT"
"1574","ribZ"
"1575","ricR"
"1576","rihA"
"1577","rimI"
"1578","rimM"
"1579","rl5"
"1580","rlhA"
"1581","rlmB"
"1582","rlmCD_2"
"1583","rlmH"
"1584","rlmN"
"1585","rluB"
"1586","rluD_1"
"1587","rluD_2"
"1588","rluD_3"
"1589","rmlD"
"1590","rnc"
"1591","rnhA"
"1592","rnjA"
"1593","rnjB"
"1594","rnmV_1"
"1595","rnmV_2"
"1596","rnpA"
"1597","rnr"
"1598","rnz"
"1599","rocF"
"1600","rocR_2"
"1601","rodA"
"1602","rpe"
"1603","rph"
"1604","rpiR"
"1605","rplGA"
"1606","rplI"
"1607","rplS"
"1608","rplT"
"1609","rplU"
"1610","rpmA"
"1611","rpmB"
"1612","rpmE"
"1613","rpmE2"
"1614","rpmF"
"1615","rpmG2"
"1616","rpmGA"
"1617","rpoE_1"
"1618","rpoZ"
"1619","rpsB"
"1620","rpsD"
"1621","rpsF"
"1622","rpsO"
"1623","rpsR"
"1624","rpsT"
"1625","rpsU"
"1626","rqcH"
"1627","rsbRA"
"1628","rsbRD"
"1629","rsbS"
"1630","rsbT"
"1631","rsbU"
"1632","rsbV"
"1633","rsbW"
"1634","rsbX"
"1635","rsfA"
"1636","rsfS"
"1637","rsgA"
"1638","rsgI"
"1639","rsgI6"
"1640","rsiW"
"1641","rsiX"
"1642","rsmA"
"1643","rsmB"
"1644","rsmD"
"1645","rsmE"
"1646","rsmG"
"1647","rsmH_1"
"1648","rsmH_2"
"1649","rsmI"
"1650","rsmJ"
"1651","rsoA"
"1652","rsuA"
"1653","rutB"
"1654","ruvA"
"1655","ruvB"
"1656","ruvB_2"
"1657","sacY"
"1658","safD"
"1659","salL"
"1660","sapB"
"1661","sasA_1"
"1662","sasA_2"
"1663","sasA_4"
"1664","sat"
"1665","satP"
"1666","sbcD"
"1667","sbp"
"1668","scmL"
"1669","scmP_1"
"1670","scoB"
"1671","scpA"
"1672","scrB"
"1673","sdhA"
"1674","sdhB"
"1675","sdhC"
"1676","secG"
"1677","sepF"
"1678","serA"
"1679","sfp"
"1680","sftA"
"1681","sigA"
"1682","sigB"
"1683","sigD"
"1684","sigE"
"1685","sigF"
"1686","sigG"
"1687","sigI"
"1688","sigM"
"1689","sigV_1"
"1690","sigW"
"1691","sigX"
"1692","sipT"
"1693","sipV"
"1694","sipW"
"1695","sirA"
"1696","sirB"
"1697","sirC"
"1698","sleB"
"1699","sleL"
"1700","slmA"
"1701","slmA_1"
"1702","smc_2"
"1703","smc_3"
"1704","smpB"
"1705","smtB"
"1706","sodA"
"1707","sorC"
"1708","speB"
"1709","speE"
"1710","speG"
"1711","speG_3"
"1712","speH"
"1713","splB"
"1714","spmA"
"1715","spmB"
"1716","spo0A"
"1717","spo0B"
"1718","spo0E"
"1719","spo0F"
"1720","spo0M"
"1721","spoIIAA"
"1722","spoIIAB"
"1723","spoIIIAB"
"1724","spoIIIAF"
"1725","spoIIIAH"
"1726","spoIIID"
"1727","spoIIIE"
"1728","spoIIM"
"1729","spoIIQ"
"1730","spoIISA"
"1731","spoIISB"
"1732","spoIVA"
"1733","spoIVB"
"1734","spoIVFA"
"1735","spoIVFB"
"1736","spoVG"
"1737","spoVS"
"1738","spoVT"
"1739","sppA"
"1740","spsA"
"1741","spsE"
"1742","spuC"
"1743","spxA"
"1744","srfAD"
"1745","srlA"
"1746","srlB"
"1747","srrA_1"
"1748","srrA_2"
"1749","srtD_1"
"1750","sspD"
"1751","sspE"
"1752","sspI"
"1753","sspJ"
"1754","sspK"
"1755","sspN"
"1756","sspO"
"1757","sspP"
"1758","ssuC_2"
"1759","sthA"
"1760","stiP"
"1761","stoA"
"1762","stp"
"1763","styD"
"1764","sufC"
"1765","sufS"
"1766","sufT"
"1767","sufU"
"1768","sumT"
"1769","surA"
"1770","swrD"
"1771","tadA_1"
"1772","tadA_2"
"1773","tagA"
"1774","tagD"
"1775","tagT_1"
"1776","tagT_2"
"1777","tagU"
"1778","tagV"
"1779","tapA"
"1780","tatAy"
"1781","tatC2"
"1782","tcyB"
"1783","tdk"
"1784","tenA_1"
"1785","tenA_2"
"1786","tenI"
"1787","tepA"
"1788","tetA_1"
"1789","tgl"
"1790","tgnB"
"1791","thiE"
"1792","thiG"
"1793","thiI"
"1794","thiL"
"1795","thiM"
"1796","thiN"
"1797","thiO"
"1798","thiS"
"1799","thrC_1"
"1800","thrS"
"1801","thyA2"
"1802","tig"
"1803","tilS"
"1804","tlp"
"1805","tlyA"
"1806","tmcAL"
"1807","tmk"
"1808","tmpC"
"1809","tnrA"
"1810","tolB"
"1811","topA"
"1812","topB"
"1813","tpa"
"1814","tpiA"
"1815","tpx"
"1816","treA"
"1817","treP"
"1818","treR"
"1819","trmB"
"1820","trmD"
"1821","trmK"
"1822","trmL"
"1823","trmR"
"1824","trpA"
"1825","trpB"
"1826","trpC"
"1827","trpD"
"1828","trpE"
"1829","trpF"
"1830","trpP"
"1831","trpS"
"1832","truB"
"1833","trxA"
"1834","trxB_2"
"1835","tsaB"
"1836","tsaD"
"1837","tsaE"
"1838","tspO"
"1839","tuaB"
"1840","tuaC"
"1841","tuaF"
"1842","tuaG"
"1843","tuaG_1"
"1844","tuaH"
"1845","udk"
"1846","ugtP"
"1847","undec1A"
"1848","ung"
"1849","upp"
"1850","uppS"
"1851","uvrB"
"1852","uvsE"
"1853","uxaB"
"1854","veg"
"1855","vpr"
"1856","walR_1"
"1857","wecD"
"1858","whiA"
"1859","xerC"
"1860","xerD"
"1861","xlyA"
"1862","xpt"
"1863","xre"
"1864","xseA"
"1865","xseB"
"1866","xylB_1"
"1867","xylB_2"
"1868","xylP"
"1869","xylT"
"1870","xynC"
"1871","xynD"
"1872","xynR"
"1873","yabA"
"1874","yabG"
"1875","yabJ_1"
"1876","yabJ_2"
"1877","yabP"
"1878","yabT"
"1879","yafV"
"1880","yajC"
"1881","ybaK"
"1882","ybeY"
"1883","ybeZ"
"1884","ybjJ"
"1885","ycdF"
"1886","yceC"
"1887","yceD_1"
"1888","yceD_2"
"1889","ycfH"
"1890","ychF"
"1891","yckB"
"1892","yclM"
"1893","ycnE"
"1894","ycnI"
"1895","ycnJ"
"1896","ycsE"
"1897","ydaD_1"
"1898","ydaF_1"
"1899","ydaG"
"1900","ydbM"
"1901","ydbP"
"1902","ydcC"
"1903","ydcV"
"1904","ydhP_2"
"1905","ydiN_1"
"1906","ydiN_2"
"1907","ydjA"
"1908","ydjF"
"1909","ydjM"
"1910","ydjM_1"
"1911","ydjZ"
"1912","yecS_1"
"1913","yecS_2"
"1914","yeeO"
"1915","yerA"
"1916","yesV"
"1917","yesY"
"1918","yfhH"
"1919","yfhS"
"1920","yfiC"
"1921","yfiT"
"1922","yfiY_1"
"1923","yfiY_2"
"1924","yfiZ"
"1925","yfkC"
"1926","yfkJ"
"1927","yfkM"
"1928","yfkN"
"1929","yfkO"
"1930","yflH"
"1931","yflN"
"1932","yfmB"
"1933","yfmO"
"1934","yfmP"
"1935","yfmS_1"
"1936","yhaI"
"1937","yhaL"
"1938","yhaZ"
"1939","yhcN"
"1940","yhcR"
"1941","yhdG_4"
"1942","yhdK"
"1943","yheD"
"1944","yheH"
"1945","yheS"
"1946","yhfK"
"1947","yhfT"
"1948","yhhS"
"1949","yiaC"
"1950","yidD"
"1951","yigZ"
"1952","yiiM"
"1953","yisK"
"1954","yisP"
"1955","yitU"
"1956","yjbC"
"1957","yjbI"
"1958","yjbK"
"1959","yjbM"
"1960","yjcA"
"1961","yjcD"
"1962","yjcF"
"1963","yjcG"
"1964","yjiB"
"1965","ykfA"
"1966","ykfB"
"1967","ykfC"
"1968","yknW"
"1969","yknY"
"1970","yknZ"
"1971","ykoE"
"1972","ykqA"
"1973","ykuD"
"1974","ykuI"
"1975","ykuJ"
"1976","ykuR"
"1977","ykuT"
"1978","ykuV"
"1979","ykzF"
"1980","ylbJ"
"1981","ylbL"
"1982","ylbP"
"1983","ylmB"
"1984","ylmC"
"1985","yloB"
"1986","ymdB"
"1987","ymfD"
"1988","ymzC"
"1989","ynaI"
"1990","yneA"
"1991","yneB"
"1992","yngG"
"1993","yngHB"
"1994","yocH"
"1995","yodC_1"
"1996","yodC_2"
"1997","yodF"
"1998","yodJ"
"1999","yodP"
"2000","yoeB"
"2001","yojF"
"2002","yokD"
"2003","ypcP"
"2004","ypdF"
"2005","ypeB"
"2006","ypfA"
"2007","ypfD"
"2008","ypjD"
"2009","ypjQ_1"
"2010","ypjQ_2"
"2011","ypmB"
"2012","ypmQ"
"2013","ypoC"
"2014","yppE"
"2015","ypuA"
"2016","yqeH"
"2017","yqeN"
"2018","yqeY"
"2019","yqfL"
"2020","yqgQ"
"2021","yqhS"
"2022","yqiK"
"2023","yqzG"
"2024","yraA"
"2025","yrdA"
"2026","yrrB"
"2027","yrrK"
"2028","yrrT"
"2029","ysdB"
"2030","ysdC_2"
"2031","yslB"
"2032","ysnE"
"2033","ytaF"
"2034","ytcD_2"
"2035","yteP"
"2036","yteS"
"2037","yteT"
"2038","ytfJ"
"2039","ythA"
"2040","ythB"
"2041","ytkD"
"2042","ytlP"
"2043","ytlR"
"2044","ytmB"
"2045","ytnP"
"2046","ytpA"
"2047","ytpB"
"2048","ytpP"
"2049","ytrA_1"
"2050","ytrH"
"2051","ytrI"
"2052","yttA"
"2053","yttP"
"2054","ytzE"
"2055","yuaF"
"2056","yueD"
"2057","yueI"
"2058","yugI"
"2059","yuiC"
"2060","yukD"
"2061","yukE"
"2062","yumC"
"2063","yunB"
"2064","yusO_1"
"2065","yusO_2"
"2066","yusV_2"
"2067","yutD"
"2068","yutF"
"2069","yuzO"
"2070","yvbK"
"2071","yvcJ"
"2072","yvdD"
"2073","yveA"
"2074","yveL"
"2075","yvfG"
"2076","yvgN_1"
"2077","yvgO_1"
"2078","yviE"
"2079","yvqK"
"2080","yvrJ"
"2081","yvyC"
"2082","yvyD"
"2083","yvyG"
"2084","yvyI"
"2085","ywaC"
"2086","ywcE"
"2087","ywdI"
"2088","ywdJ"
"2089","ywhB"
"2090","ywiB"
"2091","ywiE_1"
"2092","ywlC"
"2093","ywlE"
"2094","ywlF"
"2095","ywmB"
"2096","ywnA_1"
"2097","ywnA_2"
"2098","ywpG"
"2099","ywpJ"
"2100","ywqC"
"2101","ywqF"
"2102","ywqG"
"2103","ywtE"
"2104","yxeB"
"2105","yxeM"
"2106","yxeN_2"
"2107","yxeO_2"
"2108","yycB_1"
"2109","yycC"
"2110","yycE"
"2111","yycH"
"2112","yycI"
"2113","yycJ"
"2114","yycN"
"2115","zapA"
"2116","znuC"
"2117","zwf"
